Time,Voltage_Clean,Voltage_Noisy,Voltage_Denoised
0.0,0.715,0.7189737132240899,0.7203788591563712
1.001001001001001,0.715897477125459,0.7147913627160896,0.7205356603539916
2.002002002002002,0.7167864376933427,0.7219679459981483,0.7206838169545916
3.0030030030030033,0.7176643856483812,0.7298486244996454,0.7208409145930528
4.004004004004004,0.7185288398793203,0.7166556128815336,0.7210287648717552
5.005005005005005,0.719377340445493,0.7175042447898995,0.7212329748323396
6.0060060060060065,0.72020745475543,0.7328411572794892,0.7214450456477689
7.007007007007008,0.7210167836820262,0.7271562615152494,0.721671383979611
8.008008008008009,0.72180296759894,0.7180471725114604,0.7218960708256782
9.00900900900901,0.7225636923230967,0.7269041726717844,0.7221275732989245
10.01001001001001,0.7232966949483975,0.7195893534058978,0.7223739787404054
11.011011011011012,0.7239997695560113,0.7202739315274492,0.7226297443727159
12.012012012012013,0.7246707727869284,0.7266064709594566,0.7228902357950983
13.013013013013014,0.7253076292628022,0.7100013873055399,0.7231587024050448
14.014014014014016,0.7259083368414817,0.7121089941813774,0.7234367730711819
15.015015015015017,0.726470971694046,0.7219726714601181,0.7237231679271787
16.016016016016017,0.7269936931906045,0.718891044227929,0.7240217183013508
17.017017017017018,0.7274747485825965,0.7299887272433587,0.7243303586093245
18.01801801801802,0.7279124774698364,0.7206482848656668,0.724647168086272
19.01901901901902,0.7283053160410828,0.7170068864304006,0.724973468940412
20.02002002002002,0.728651801077482,0.7403769912288544,0.7251107478460497
21.021021021021024,0.7289505737088214,0.7271443633049292,0.7251729112480553
22.022022022022025,0.7292003829131513,0.7297406085506547,0.7252531146386054
23.023023023023026,0.7294000887509677,0.7180021032612601,0.7252857784433241
24.024024024024026,0.7295486653258212,0.7251936035296197,0.725375676331681
25.025025025025027,0.7296452034638893,0.7305325841815682,0.725469559724891
26.026026026026027,0.7296889131057616,0.7204809644863831,0.7255119072579098
27.027027027027028,0.7296791254043977,0.732684709551163,0.7255402545690977
28.028028028028032,0.7296152945239597,0.7248101850046093,0.7256532285917192
29.029029029029033,0.7294969991349601,0.7271634491366139,0.7257901932538159
30.030030030030034,0.7293239436019342,0.724510290704099,0.7259086069927262
31.031031031031034,0.7290959588606049,0.7439141843366763,0.7260393307719352
32.032032032032035,0.7288130029822905,0.728705025184387,0.7261208173583146
33.033033033033036,0.7284751614240859,0.7200134739924386,0.7261851579574037
34.034034034034036,0.7280826469641303,0.7346630062609558,0.7262642170227965
35.03503503503504,0.7276357993220667,0.7178690501222985,0.7263362902189419
36.03603603603604,0.7271350844655787,0.7288059932256168,0.725844421501164
37.03703703703704,0.7265810936046819,0.7109037326136437,0.7251108819116511
38.03803803803804,0.7259745418762208,0.7153490534850333,0.724394542704097
39.03903903903904,0.725316266721803,0.726891156608756,0.7235125565360594
40.04004004004004,0.7246072259631615,0.7305149586031248,0.7227651967864003
41.04104104104105,0.7238484955796999,0.7252194418292196,0.7219993171704137
42.04204204204205,0.7230412671937132,0.7221160809346073,0.7210562970558082
43.04304304304305,0.7221868452695123,0.7197780157047979,0.7200434810042624
44.04404404404405,0.7212866440333908,0.7094584681104514,0.7192286905314966
45.04504504504505,0.7203421841220767,0.714583430454919,0.718446694785219
46.04604604604605,0.7193550889679824,0.7156699788003041,0.7175825026242125
47.04704704704705,0.7183270809302327,0.726784058739984,0.7167196729751388
48.04804804804805,0.7172599771810779,0.7200089234976256,0.7156897280040275
49.04904904904905,0.7161556853579166,0.7020513641150148,0.7145806106845586
50.050050050050054,0.7150161989917363,0.7176088707468946,0.7134794559452096
51.051051051051054,0.7138435927233363,0.7107629344800058,0.7123268922989472
52.052052052052055,0.7126400173192332,0.7072246413167855,0.7113616760243288
53.053053053053056,0.7114076944996439,0.7163011048103709,0.7104529277936131
54.054054054054056,0.7101489115914156,0.7183969077713832,0.7094829482398061
55.05505505505506,0.7088660160192051,0.7163162569721346,0.7085332147097334
56.056056056056065,0.7075614096486192,0.7008476694628382,0.707492075177458
57.057057057057065,0.7062375429953909,0.7037638439885812,0.706415046450609
58.058058058058066,0.7048969093150068,0.7075470167662353,0.7053624302510885
59.05905905905907,0.7035420385874981,0.711346399604477,0.7042937044309094
60.06006006006007,0.7021754914123649,0.6983420975096026,0.7030700365716239
61.06106106106107,0.700799852828835,0.6993145810155245,0.7017754771470102
62.06206206206207,0.6994177260768377,0.6905670462847895,0.7004711160401088
63.06306306306307,0.6980317263142265,0.6884620733215812,0.699112956888829
64.06406406406407,0.6966444743058887,0.7031446808850423,0.6977845759013036
65.06506506506507,0.6952585901004529,0.7061085103290194,0.6964426170648784
66.06606606606607,0.6938766867103343,0.6933006057376916,0.6950436063409551
67.06706706706707,0.6925013638108497,0.7005296269939859,0.6936171106275577
68.06806806806807,0.6911352014740838,0.6940282896744648,0.6923605912091191
69.06906906906907,0.6897807539531035,0.6846197959162624,0.6911574752118301
70.07007007007007,0.6884405435319881,0.6913317083760554,0.6899181254997999
71.07107107107107,0.6871170544569795,0.6994213469887072,0.6887063826886352
72.07207207207207,0.6858127269638516,0.685526118650972,0.6874103526164045
73.07307307307308,0.6845299514163584,0.6970471006628705,0.6860875587417719
74.07407407407408,0.6832710625703386,0.6623131017376207,0.6847966888695725
75.07507507507508,0.6820383339777454,0.6886135540127472,0.6834979355685081
76.07607607607608,0.680833972544512,0.6815303490904173,0.6821039970353631
77.07707707707708,0.6796601132557833,0.6772680544520564,0.680669243582506
78.07807807807808,0.6785188140816243,0.6792529002939083,0.6792306871605865
79.07907907907908,0.6774120510758592,0.6615114997590521,0.6777613070611092
80.08008008008008,0.676341713680219,0.6745843385775189,0.6763172191144685
81.0810810810811,0.6753096002454523,0.6781665008175463,0.6748690458285918
82.0820820820821,0.6743174137805193,0.6861405661384514,0.6733878441017436
83.0830830830831,0.673366757940411,0.6692205961942218,0.6718933525912358
84.0840840840841,0.6724591332625406,0.6659911844393951,0.6709960217089166
85.0850850850851,0.6715959336610339,0.6675818773123576,0.6703430558957509
86.0860860860861,0.670778443187595,0.6781016601292117,0.6696503232007748
87.0870870870871,0.6700078330669611,0.6726378419442386,0.6691184155300158
88.0880880880881,0.6692851590142669,0.6650470773841306,0.6684192256367241
89.0890890890891,0.6686113588409418,0.6727174983058487,0.6677200114778742
90.0900900900901,0.6679872503550301,0.6687638707498145,0.6671941749540384
91.0910910910911,0.667413529561098,0.6751626894853611,0.6667243853473814
92.0920920920921,0.666890769164132,0.6612743444131132,0.6660156807009389
93.0930930930931,0.6664194173810803,0.6637981202082982,0.6652499415535815
94.0940940940941,0.6659997970629131,0.6628629318378558,0.6645538993503272
95.0950950950951,0.6656321051293019,0.653923985544245,0.6638354873019688
96.0960960960961,0.6653164123172386,0.6676853745337552,0.663280034731206
97.0970970970971,0.6650526632441253,0.6671411054215644,0.6627908183302695
98.0980980980981,0.6648406767850801,0.6648815844382198,0.6622719730571591
99.0990990990991,0.66468014676342,0.6628034496964188,0.6617888156176717
100.10010010010011,0.6645706429524953,0.653247677016092,0.66187321346789
101.10110110110111,0.664511612386273,0.6611464498041502,0.6622126909403312
102.10210210210211,0.6645023809752922,0.661760664843078,0.6625644051322702
103.10310310310311,0.6645421554238548,0.6581239372700818,0.6631009578277967
104.10410410410411,0.6646300254435528,0.6633397397502246,0.6635245188664074
105.10510510510511,0.6647649662575045,0.6679973731120208,0.6639879157933584
106.10610610610611,0.664945841388931,0.6800353285986153,0.6646476208408246
107.10710710710711,0.6651714057270054,0.6665680282296601,0.665397557460051
108.10810810810811,0.6654403088622048,0.667500711987987,0.6659975658401839
109.10910910910911,0.665751098682727,0.6651555313565977,0.6665968508386779
110.11011011011011,0.6661022252228777,0.6507520555004853,0.6672975651452822
111.11111111111111,0.6664920447537049,0.6662799337501112,0.6680252225423844
112.11211211211213,0.6669188241055538,0.6674006657850821,0.6689333402897105
113.11311311311313,0.6673807452116313,0.6870866821115136,0.6699416096008179
114.11411411411413,0.6678759098611207,0.6663370221428717,0.6709707948754754
115.11511511511513,0.6684023446498638,0.6708147233885328,0.6720749210352093
116.11611611611613,0.6689580061161302,0.6686803119584883,0.6724212913231001
117.11711711711713,0.6695407860485354,0.6601913617475791,0.6724825716533808
118.11811811811813,0.6701485169527372,0.6792910994688575,0.6726542661661852
119.11911911911913,0.6707789776631456,0.6767944419246399,0.6726591063234747
120.12012012012013,0.6714298990855158,0.6777581546618602,0.6729245331046482
121.12112112112113,0.6720989700559727,0.6648238704176148,0.6732343402936387
122.12212212212214,0.6727838433017219,0.6840061977892107,0.6733610669784087
123.12312312312314,0.6734821414884469,0.6622673329861086,0.6734582840306346
124.12412412412414,0.6741914633391832,0.6788863200895854,0.6739566559994548
125.12512512512514,0.6749093898092768,0.6924330348157567,0.6745925033839171
126.12612612612614,0.6756334903018962,0.6677091997008507,0.6751790521451624
127.12712712712714,0.6763613289084709,0.6718309470716487,0.6758515253526891
128.12812812812814,0.6770904706583643,0.6778876815790654,0.6763437388434882
129.12912912912915,0.6778184877620683,0.6737906825291388,0.6767942974604425
130.13013013013014,0.6785429658322296,0.6661376583837005,0.6773411827352005
131.13113113113116,0.6792615100668641,0.6798100138653123,0.6778904471111256
132.13213213213214,0.6799717513792259,0.6714733216694171,0.6784662150267822
133.13313313313316,0.6806713524589216,0.684460091904003,0.6790645749780037
134.13413413413414,0.6813580137490396,0.6740026198751692,0.6796650204743172
135.13513513513516,0.6820294793242757,0.694428954564416,0.6802797467379245
136.13613613613614,0.6826835426552865,0.6764175163165966,0.6809193318361176
137.13713713713716,0.6833180522447851,0.6807415601151398,0.6815764072950781
138.13813813813815,0.6839309171212234,0.6904390548601808,0.6822472105217281
139.13913913913916,0.684520112176257,0.6746731976447853,0.6829346833795794
140.14014014014015,0.6850836833325855,0.6869033628094185,0.6835940338675373
141.14114114114116,0.6856197525291886,0.696076894563448,0.6842506836014605
142.14214214214215,0.6861265225114332,0.6732666566349435,0.6849259108438271
143.14314314314316,0.6866022814140225,0.6880793522822809,0.6856047992940416
144.14414414414415,0.6870454071252742,0.6891244694792615,0.6863103327464943
145.14514514514516,0.6874543714217697,0.6937089543959881,0.6870308864263803
146.14614614614615,0.6878277438629865,0.6779321381759619,0.6877542288816367
147.14714714714717,0.6881641954361363,0.6776005425314621,0.688488618055846
148.14814814814815,0.6884625019420526,0.6926380344669878,0.6887925881258602
149.14914914914917,0.6887215471136271,0.6910974244994926,0.6889188879949405
150.15015015015015,0.6889403254589621,0.6909442682617292,0.689075203238751
151.15115115115117,0.6891179448221003,0.6918895304980761,0.6891154544869144
152.15215215215215,0.6892536286549018,0.6838134308822739,0.6892713220258361
153.15315315315317,0.6893467179943614,0.6912047475716494,0.6894251731522404
154.15415415415416,0.6893966731404044,0.6917412529267939,0.6894541320181552
155.15515515515517,0.6894030750299452,0.6836882636857343,0.6894412471956137
156.15615615615616,0.6893656263037586,0.7042918223929167,0.6896077112213302
157.15715715715717,0.6892841520634867,0.693074815430781,0.6898176544082163
158.15815815815816,0.6891586003168786,0.6796281723392574,0.6899755569669495
159.15915915915917,0.6889890421101461,0.6942414709792167,0.6901506824421105
160.16016016016016,0.6887756713471033,0.6809782179852847,0.690205279349823
161.16116116116117,0.6885188042955415,0.6948154811254811,0.6902111520206697
162.1621621621622,0.6882188787820839,0.6974876434141432,0.6902396364805078
163.16316316316318,0.6878764530775368,0.6813109945307231,0.6902421466669588
164.1641641641642,0.6874922044755386,0.6951992135094932,0.689919649974945
165.16516516516518,0.6870669275680765,0.6903691749835685,0.6894490862102066
166.1661661661662,0.6866015322221986,0.6931780135021545,0.6889658273999043
167.16716716716718,0.6860970412630039,0.7012713851242355,0.6883733658879411
168.1681681681682,0.6855545878687284,0.6835914829407054,0.6878420996939449
169.16916916916918,0.6849754126844675,0.6789455233696076,0.6872843538257325
170.1701701701702,0.6843608606617838,0.6772447452247796,0.6866108252995248
171.17117117117118,0.6837123776321357,0.6771858953524121,0.6858821027796961
172.1721721721722,0.6830315066227334,0.6824146929474205,0.6852290620427575
173.17317317317318,0.6823198839240728,0.685049099722606,0.684570098895872
174.1741741741742,0.6815792349190246,0.6837927613136647,0.6838498174089334
175.17517517517518,0.6808113696839531,0.6874288356762412,0.6831086837171082
176.1761761761762,0.6800181783729126,0.6801221935079358,0.6822623466971706
177.17717717717719,0.6792016263965164,0.6908298990137749,0.6813549813663123
178.1781781781782,0.6783637494075846,0.676246494741681,0.6804300791394942
179.1791791791792,0.6775066481061693,0.6992680014388863,0.6794579764120081
180.1801801801802,0.6766324828770047,0.6816378216591248,0.6784990842837018
181.1811811811812,0.6757434682728529,0.6688862078215226,0.6775218374731105
182.1821821821822,0.6748418673576065,0.6662747273731177,0.6764950212061372
183.1831831831832,0.6739299859233577,0.6777897652453032,0.6754399108858762
184.1841841841842,0.6730101665959636,0.6712224643133567,0.6743318949247615
185.1851851851852,0.6720847828439191,0.6777967867966559,0.6731828599075887
186.1861861861862,0.6711562329055921,0.6749421339021805,0.6720064229182903
187.1871871871872,0.6702269336500791,0.6696443023488241,0.6707935022410481
188.1881881881882,0.6692993143871134,0.6625249646425662,0.6695038484899388
189.1891891891892,0.6683758106415806,0.6562570328440936,0.6681615467057263
190.1901901901902,0.6674588579082914,0.6638867382917553,0.6667845688016413
191.1911911911912,0.6665508854027119,0.6734020757572997,0.6653600395130046
192.1921921921922,0.6656543098233596,0.6673670597764012,0.6639115260224849
193.19319319319322,0.6647715291415519,0.654805618911856,0.6624268522729941
194.1941941941942,0.6639049164341216,0.6652903638409311,0.6608937133330655
195.19519519519523,0.6630568137746111,0.6661393528124419,0.659320467735362
196.1961961961962,0.6622295261983105,0.6551586667087015,0.6588986254897538
197.19719719719723,0.6614253157563231,0.6626551166038873,0.6589427757314885
198.1981981981982,0.660646395673616,0.6611120654211841,0.6588953796352289
199.19919919919923,0.6598949246257627,0.6507511622431177,0.6591493225516519
200.20020020020021,0.6591730011487783,0.6620353000315645,0.6590716854469927
201.20120120120123,0.6584826581961262,0.662968934407072,0.6589844796486403
202.20220220220222,0.6578258578565993,0.6664902678020015,0.6592227796227348
203.20320320320323,0.6572044862463846,0.6656349026626638,0.65955998657231
204.20420420420422,0.6566203485881784,0.6455989936445217,0.6594098250426275
205.20520520520523,0.6560751644897581,0.6485725641704372,0.6591331063134326
206.20620620620622,0.6555705634339135,0.6596908455715828,0.6589823732329707
207.20720720720723,0.6551080804911166,0.6592183680984143,0.6587743331417714
208.20820820820822,0.6546891522657476,0.658809533756196,0.6588757090488633
209.20920920920923,0.6543151130861166,0.6851369650113543,0.659095226328231
210.21021021021022,0.6539871914479043,0.6585543155334497,0.6592430815492504
211.21121121121124,0.6537065067200193,0.662791031841464,0.6594485712651296
212.21221221221222,0.6534740661212057,0.6611060802291514,0.6590762446518955
213.21321321321324,0.6532907619750636,0.65850189198551,0.6584774788222587
214.21421421421422,0.6531573692504442,0.6506352152933215,0.6579627181320743
215.21521521521524,0.653074543393472,0.6591462971574181,0.6573164043246434
216.21621621621622,0.6530428184567136,0.646860216740413,0.6568428383152611
217.21721721721724,0.6530626055302695,0.6511680566763495,0.6563900237281769
218.21821821821823,0.6531341914788131,0.6492512830961803,0.6557942487856989
219.21921921921924,0.653257737987832,0.6539127311029226,0.6551656611633774
220.22022022022023,0.6534332809215544,0.6719505494549425,0.654863717448783
221.22122122122124,0.6536607299942646,0.6387226084535307,0.6546702453681896
222.22222222222223,0.6539398687559272,0.6594299502789234,0.6544275869075822
223.22322322322324,0.6542703548922493,0.6413686279227321,0.6542494191660451
224.22422422422426,0.6546517208385298,0.6508762659122144,0.6539180516721487
225.22522522522524,0.655083374705854,0.6637949794815929,0.6535465109996197
226.22622622622626,0.6555646015174126,0.6560788416701763,0.6532479436237043
227.22722722722725,0.6560945647519466,0.6474726065285121,0.6529453782642011
228.22822822822826,0.6566723081905538,0.650949878516474,0.6535682229695458
229.22922922922925,0.6572967580623269,0.6627335400538044,0.6545906806985948
230.23023023023026,0.6579667254835552,0.6521237924298181,0.6555696796869425
231.23123123123125,0.6586809091844753,0.6604125779011311,0.656815442228082
232.23223223223226,0.6594378985168466,0.6598024732360771,0.6578550271511947
233.23323323323325,0.6602361767349171,0.6550233739540705,0.6589272912036706
234.23423423423426,0.6610741245416655,0.678225677256268,0.6602842448666297
235.23523523523525,0.6619500238915375,0.6670213760700815,0.6617558150216737
236.23623623623627,0.662862062040255,0.6466609213469942,0.6628554870323293
237.23723723723725,0.6638083358316555,0.6652999703498109,0.6638807738419835
238.23823823823827,0.6647868562109297,0.6594925644927826,0.6650430053142495
239.23923923923925,0.6657955529530504,0.6726150196314201,0.6661892683870354
240.24024024024027,0.6668322795946581,0.6604921136871965,0.6676194185263646
241.24124124124126,0.6678948185571472,0.666976927025412,0.669177379816026
242.24224224224227,0.6689808864482278,0.6730207846800715,0.6707076593009595
243.24324324324326,0.6700881395287835,0.6770141810821445,0.6723161149006353
244.24424424424427,0.6712141793314356,0.6616118080749893,0.6731998596884748
245.24524524524526,0.6723565584168432,0.6696805485301156,0.6738089451829349
246.24624624624627,0.6735127862534227,0.669713223764135,0.6745299828925498
247.24724724724726,0.6746803352058615,0.6694537013452717,0.6750932077458949
248.24824824824827,0.675856646617526,0.6899802805397748,0.6758973948936187
249.24924924924926,0.6770391369716322,0.6802789906593198,0.6767420121795494
250.25025025025028,0.6782252041158472,0.6681381324811668,0.677413766789434
251.25125125125126,0.6794122335348269,0.6867551291112651,0.6780564302666128
252.25225225225228,0.6805976046550852,0.6975748542311863,0.6791040572561807
253.25325325325326,0.6817786971664946,0.6900384192509038,0.6802920582829085
254.25425425425428,0.6829528973446881,0.670797937617056,0.6814311108932259
255.25525525525526,0.6841176043586218,0.6802437317756918,0.6826579985845551
256.2562562562563,0.6852702365475969,0.6954055257410898,0.6837071779421542
257.25725725725727,0.686408237652116,0.6807468819271657,0.6847167204644528
258.2582582582583,0.6875290829830625,0.6910796384082323,0.6858244602520993
259.2592592592593,0.6886302855138446,0.6948273579412794,0.6869365909235084
260.2602602602603,0.689709401880341,0.6822939581077163,0.6879219500468035
261.26126126126127,0.6907640382737116,0.6902878354252172,0.6888658239039263
262.2622622622623,0.6917918562114053,0.6658617174908527,0.6898204893298543
263.2632632632633,0.6927905781720032,0.6845954770413288,0.6907468822238894
264.2642642642643,0.693757993079872,0.6917374478687267,0.6917377617474221
265.26526526526527,0.6946919616259791,0.6847096961702603,0.6927439739815451
266.2662662662663,0.6955904214116333,0.7086497118430863,0.6937182247112184
267.2672672672673,0.6964513919023493,0.6850102608786642,0.6946928894732903
268.2682682682683,0.6972729791795201,0.6937526232859442,0.6957000146859375
269.2692692692693,0.698053380478075,0.6990993050963638,0.6967177613667772
270.2702702702703,0.6987908884988436,0.7103210748113725,0.6977342830772981
271.2712712712713,0.6994838954849081,0.6879969982754726,0.6987586981462516
272.2722722722723,0.7001308970518102,0.7094362070690499,0.6997659927452382
273.2732732732733,0.7007304957621046,0.7008123602502613,0.7007695718530713
274.2742742742743,0.7012814044353785,0.6934293352269948,0.7017820503550726
275.2752752752753,0.7017824491855277,0.7054792769796339,0.702794761519426
276.2762762762763,0.702232572177754,0.7038250497423418,0.703175367939768
277.2772772772773,0.7026308340984544,0.6978290990811841,0.7032880669140367
278.2782782782783,0.7029764163318867,0.7035348330118069,0.703428331342573
279.2792792792793,0.7032686228382331,0.700186114063339,0.7033878465891565
280.2802802802803,0.7035068817284233,0.7044150204904334,0.7035035559773242
281.2812812812813,0.7036907465318439,0.7089877919280123,0.7036039429550545
282.2822822822823,0.7038198971538241,0.7165080316829869,0.7035107085349944
283.2832832832833,0.7038941405205623,0.6939916165299476,0.7033444477649912
284.2842842842843,0.7039134109099454,0.7209776779071956,0.7034148185951531
285.2852852852853,0.7038777699674874,0.6882610675713074,0.7035311519400329
286.2862862862863,0.7037874064074138,0.7025731256471291,0.7035601493328206
287.2872872872873,0.7036426353996923,0.7083491730515689,0.703598580948941
288.2882882882883,0.7034438976446058,0.705691832586486,0.703452525364962
289.28928928928934,0.7031917581372364,0.6982101619786717,0.7032231440353659
290.29029029029033,0.7028869046250108,0.7012219266221525,0.7030107890364599
291.2912912912913,0.702530145762218,0.6985861382849473,0.7027470958960899
292.2922922922923,0.7021224089661732,0.6974074909106195,0.7024839761182611
293.29329329329335,0.7016647379804438,0.708461554756612,0.7021988454751511
294.29429429429433,0.7011582901512854,0.7040144140390058,0.7018606817576296
295.2952952952953,0.7006043334241526,0.6950610566620674,0.7014896987411261
296.2962962962963,0.7000042430678519,0.707201042071318,0.7010754040316871
297.29729729729735,0.6993594981345761,0.7018178943015889,0.7006216851136015
298.29829829829833,0.6986716776647289,0.7051745746154406,0.7001354386499314
299.2992992992993,0.697942456646079,0.7029794873814679,0.6996122908452838
300.3003003003003,0.6971736017373982,0.6905416416500216,0.6990026579226519
301.30130130130135,0.6963669667673271,0.6918855184457514,0.6983354890372404
302.30230230230234,0.6955244880197723,0.7015028368607584,0.697633591427836
303.3033033033033,0.6946481793176696,0.6995311414411374,0.6968807968636442
304.3043043043043,0.6937401269174559,0.6935729141657427,0.6961044444391912
305.30530530530535,0.6928024842270573,0.6937411032935276,0.6952905398139032
306.30630630630634,0.691837466360649,0.7020587855269564,0.6944246879668405
307.3073073073073,0.6908473445438422,0.6861147734331556,0.693516640729813
308.3083083083083,0.689834440383331,0.6942112194326913,0.6926277101307777
309.30930930930936,0.6888011200153665,0.6871835787958954,0.6917216396248779
310.31031031031034,0.6877497881477295,0.6860083385219117,0.6907706526967549
311.31131131131133,0.6866828820101339,0.6954730968260314,0.6897945462155409
312.3123123123123,0.6856028652282264,0.6922061960201307,0.6887584348863852
313.31331331331336,0.68451222163653,0.6910202987245352,0.6876802641283373
314.31431431431434,0.6834134490458362,0.6938572795030709,0.6865783206102898
315.31531531531533,0.6823090529806588,0.6824770837137208,0.6854401983605501
316.3163163163163,0.6812015404024372,0.6866571641727969,0.684238989863461
317.31731731731736,0.6800934134342094,0.6776112793814617,0.6829914672220734
318.31831831831835,0.6789871631024698,0.6815804939223773,0.681709024585413
319.31931931931933,0.6778852631118834,0.6768441186769418,0.680383339995198
320.3203203203203,0.6767901636684392,0.677566131388381,0.6790317430639472
321.32132132132136,0.6757042853665088,0.6804655415700042,0.677645159088842
322.32232232232235,0.6746300131551068,0.668084247689239,0.6762146521091001
323.32332332332334,0.6735696903984564,0.6903087886039401,0.6747463167738367
324.3243243243244,0.6725256130457189,0.6644774739937213,0.6736586207518427
325.32532532532537,0.6715000239244765,0.6617865150221747,0.6727105078552045
326.32632632632635,0.6704951071722394,0.6797599941602399,0.6717064754786419
327.32732732732734,0.6695129828199071,0.6758462843716107,0.6707843657076238
328.3283283283284,0.668555701540726,0.6735486600771432,0.6697211072224905
329.32932932932937,0.6676252395778716,0.6726520036519859,0.668630259092716
330.33033033033036,0.6667234938633334,0.666625519680558,0.6676298561095197
331.33133133133134,0.6658522773403013,0.6586742423684147,0.6666400622560357
332.3323323323324,0.665013314500736,0.6656197509662858,0.6654560780204799
333.33333333333337,0.6642082371492724,0.6587909434571755,0.6642040150763348
334.33433433433436,0.663438580404027,0.6712395382713691,0.6629720258684455
335.33533533533534,0.6627057789442962,0.661529319892279,0.6616961126823391
336.3363363363364,0.662011163514499,0.6554071859401589,0.6605045492812486
337.3373373373374,0.6613559576930881,0.6587848709598642,0.6593304187155264
338.33833833833836,0.6607412749344754,0.6640447265686804,0.6581073420940736
339.33933933933935,0.6601681158913401,0.6556583194689083,0.6568805400697556
340.3403403403404,0.6596373660239812,0.6530596028594498,0.6564326022136572
341.3413413413414,0.6591497935026555,0.6610992911945908,0.6563091402716028
342.34234234234236,0.6587060474081051,0.660665779976975,0.6561478513568181
343.34334334334335,0.6583066562347332,0.6542511108317641,0.6562049943849593
344.3443443443444,0.6579520267001245,0.6541837202551779,0.6560549899762995
345.3453453453454,0.6576424428638382,0.6594988423626993,0.6559151995494905
346.34634634634637,0.6573780655576259,0.6457933908256474,0.6560101539115848
347.34734734734735,0.657158932128444,0.6458992219334315,0.6561878432205637
348.3483483483484,0.6569849564948471,0.6512374027248277,0.6560770965707305
349.3493493493494,0.6568559295165597,0.655148352302865,0.6559072489043855
350.35035035035037,0.6567715196762391,0.6592587802010231,0.6558373476367738
351.35135135135135,0.65673127407166,0.6685341238072564,0.6557517354454745
352.3523523523524,0.6567346197157693,0.6635958967013854,0.6558847097623339
353.3533533533534,0.6567808651412891,0.6555013569015816,0.6561139129537962
354.35435435435437,0.6568692023057833,0.6567170726425617,0.6563182223535036
355.3553553553554,0.6569987087923429,0.6489784738752404,0.656580179645947
356.3563563563564,0.6571683503003124,0.6570202452123732,0.6568876128610024
357.3573573573574,0.6573769834197425,0.6550677143083814,0.6572387745379609
358.3583583583584,0.657623358682551,0.6602051071652557,0.657647452961762
359.3593593593594,0.6579061238826708,0.6512882763342522,0.6581059117623068
360.3603603603604,0.6582238276567967,0.662378599770726,0.6586000796040326
361.3613613613614,0.6585749233166839,0.6708368346207045,0.6591388597077439
362.3623623623624,0.6589577729233209,0.6580876917356661,0.6597280883696576
363.3633633633634,0.6593706515926936,0.6625843453694851,0.6603634698646251
364.3643643643644,0.6598117520222734,0.6653329039559622,0.6610798959898937
365.3653653653654,0.660279189226813,0.6570694254517263,0.6618577761836241
366.3663663663664,0.660771005471503,0.6625637453259864,0.6626803389503235
367.3673673673674,0.6612851753900495,0.6613859145963038,0.6635592939936057
368.3683683683684,0.6618196112747688,0.6626010200631595,0.6644772356558362
369.3693693693694,0.6623721685253633,0.6561880902545195,0.665442923601574
370.3703703703704,0.6629406512426433,0.6631367326367149,0.6664656612315417
371.3713713713714,0.6635228179530972,0.6675068042830608,0.667539176160584
372.3723723723724,0.66411638744988,0.6757255363122403,0.6679671731457537
373.3733733733734,0.6647190447355051,0.6723932113441868,0.6681503399024005
374.3743743743744,0.6653284470512597,0.6825539067113522,0.6684143553342933
375.3753753753754,0.6659422299781524,0.6598034494750481,0.6685296874238581
376.3763763763764,0.6665580135940197,0.673536578687785,0.6688665466704437
377.3773773773774,0.6671734086712756,0.6686401447171825,0.6692365511340418
378.3783783783784,0.6677860228996895,0.6853044463654309,0.6694437343020765
379.37937937937943,0.6683934671185073,0.6619270808356661,0.6696206271304794
380.3803803803804,0.6689933615422163,0.6622755868047702,0.6701093521212855
381.3813813813814,0.6695833419642604,0.6647882008007082,0.6706993253281073
382.3823823823824,0.670161065923073,0.6531699001285945,0.6712432039946075
383.38338338338343,0.6707242188148863,0.6665181786414403,0.6718479355523249
384.3843843843844,0.6712705199379079,0.6651974586454783,0.6722994436429631
385.3853853853854,0.6717977284526303,0.6730008787444399,0.6727093911228863
386.38638638638645,0.6723036492432432,0.6750376970494604,0.6731885717253874
387.38738738738743,0.6727861386653717,0.6877955053790988,0.673661510230242
388.3883883883884,0.6732431101656441,0.6808465008711325,0.673864829223813
389.3893893893894,0.6736725397589124,0.6690573105136132,0.6739578317834162
390.39039039039045,0.6740724713493118,0.666885153978525,0.6740565478471537
391.39139139139144,0.6744410218817274,0.6783763752537795,0.6740774493853444
392.3923923923924,0.6747763863106666,0.6642145206545015,0.6741787401847134
393.3933933933934,0.6750768423739927,0.6897285125008276,0.6742783764683757
394.39439439439445,0.6753407551594602,0.6847762761252305,0.6742940408895359
395.39539539539544,0.675566581452516,0.6718131762356784,0.6742817125587467
396.3963963963964,0.6757528738543731,0.6620477976216461,0.6743452301036721
397.3973973973974,0.6758982846599446,0.6867292636532679,0.6744190103509852
398.39839839839846,0.6760015694858235,0.6750852507238025,0.6744598758679599
399.39939939939944,0.6760615906391187,0.6859641211349065,0.6744995767728799
400.40040040040043,0.6760773202186128,0.6633218989482579,0.6744692223879545
401.4014014014014,0.6760478429403698,0.6712528427567396,0.6744050285958347
402.40240240240246,0.675972358680619,0.6760143082783645,0.6743423881722445
403.40340340340344,0.6758501847294436,0.6762260294795616,0.6742571329911777
404.40440440440443,0.6756807577495301,0.6720802339776961,0.6742730610089025
405.4054054054054,0.6754636354349739,0.6804464348937539,0.674321609107189
406.40640640640646,0.6751984978658867,0.666657534430826,0.6743423968265069
407.40740740740745,0.6748851485553133,0.673746112675143,0.6743773730160894
408.40840840840843,0.6745235151857399,0.6754858802394351,0.6743670001989024
409.4094094094094,0.6741136500332475,0.6782291607057175,0.6743410408802798
410.41041041041046,0.6736557300781552,0.6793486491028663,0.6743315036903531
411.41141141141145,0.6731500568017752,0.6641529200670723,0.674316848048467
412.41241241241244,0.6725970556696956,0.6603241423038106,0.6742274021977038
413.4134134134134,0.6719972753027884,0.6822186898779765,0.674105473674025
414.41441441441447,0.671351386337922,0.6740098984337588,0.6739816018539508
415.41541541541545,0.6706601799811426,0.6646722876886901,0.673833761861059
416.41641641641644,0.6699245662568486,0.6823337820610288,0.6737041951200013
417.4174174174175,0.6691455719572554,0.6700709690315984,0.6735709660172831
418.41841841841847,0.6683243382971917,0.6777587157697024,0.6734121224869213
419.41941941941946,0.6674621182800109,0.6680022661312918,0.6732425988007142
420.42042042042044,0.6665602737811248,0.6830462571801807,0.6721713808884044
421.4214214214215,0.6656202723563761,0.6796629990959218,0.6707087774076897
422.42242242242247,0.6646436837831523,0.6626519705953198,0.6692737921342219
423.42342342342346,0.6636321763428206,0.6714047439504555,0.6675716699563196
424.42442442442444,0.6625875128537057,0.6677505204503869,0.6660704437734907
425.4254254254255,0.661511546464463,0.6724605989247218,0.6645324388428308
426.4264264264265,0.6604062162182989,0.652686828533658,0.6627094596587825
427.42742742742746,0.6592735423990631,0.6647619540790506,0.6607692624639995
428.42842842842845,0.6581156216707914,0.6665830175655881,0.659157675830525
429.4294294294295,0.6569346220227886,0.6428647061314037,0.6576008064037505
430.4304304304305,0.6557327775328341,0.6462667094315079,0.6559061634318896
431.43143143143146,0.6545123829615481,0.6381985255394673,0.6542133357908122
432.43243243243245,0.6532757881913822,0.6511205335158258,0.6522445849931713
433.4334334334335,0.6520253925240846,0.6577657305704523,0.6501446915803223
434.4344344344345,0.650763638850851,0.6627824952676192,0.6480574791922986
435.43543543543547,0.6494930077096881,0.6500857659530463,0.6458849900239667
436.43643643643645,0.6482160112448053,0.6612449356093757,0.6446217560632992
437.4374374374375,0.6469351870830907,0.6358943754173716,0.6437067886373531
438.4384384384385,0.6456530921429442,0.632026032628103,0.6426644425628218
439.43943943943947,0.6443722963909035,0.6439279147997305,0.6418273800736104
440.44044044044045,0.6430953765616398,0.6461679001531543,0.6406933965223622
441.4414414414415,0.6418249098569838,0.6415633518722311,0.639515784452117
442.4424424424425,0.6405634676397053,0.6240239308393862,0.6385624654228133
443.44344344344347,0.6393136091377791,0.6386006488216768,0.637652696759391
444.44444444444446,0.6380778751748474,0.6276421191708086,0.6362604191611296
445.4454454454455,0.6368587819425239,0.6422161623331641,0.6347069938831812
446.4464464464465,0.6356588148300839,0.6385916007988587,0.6332212369433414
447.4474474474475,0.6344804223269394,0.6269613840363205,0.6316376641518477
448.4484484484485,0.6333260100131199,0.6292150746744264,0.6302797197026577
449.4494494494495,0.6321979346527623,0.6237242264776507,0.6289791070397671
450.4504504504505,0.6310984984053516,0.6305970656271662,0.6275680479681826
451.4514514514515,0.6300299431691688,0.6376710817331788,0.6261607523480335
452.4524524524525,0.6289944450710657,0.6211086367003814,0.6253634285180169
453.4534534534535,0.6279941091163269,0.6320264812404697,0.6248157145009461
454.4544544544545,0.6270309640119779,0.6227889030649983,0.6242447189819509
455.4554554554555,0.6261069571764643,0.6197639745183655,0.6238453772942723
456.4564564564565,0.6252239499481679,0.6243677070685314,0.6232683473108158
457.4574574574575,0.6243837130047216,0.6161017744253666,0.6226936854570511
458.4584584584585,0.6235879220045643,0.6191587275617868,0.6223041905628942
459.4594594594595,0.6228381534616216,0.6132551303209108,0.6219757781262977
460.4604604604605,0.6221358808634156,0.6378536819267467,0.6214486295722986
461.4614614614615,0.6214824710422968,0.6217645794580706,0.6208851506242425
462.4624624624625,0.6208791808088654,0.6152813767449247,0.6203949425872781
463.4634634634635,0.6203271538559875,0.6220389931418613,0.6198978421616849
464.4644644644645,0.6198274179411419,0.6189287935436153,0.6195622507627119
465.4654654654655,0.6193808823541334,0.6176131255578676,0.619299909758478
466.4664664664665,0.6189883356764996,0.623901669276847,0.6190240526074671
467.4674674674675,0.6186504438382069,0.6247105055185853,0.6187938725822517
468.46846846846853,0.6183677484764912,0.614123739295607,0.6186094802376655
469.4694694694695,0.6181406656009414,0.613534119675784,0.618464544118354
470.4704704704705,0.6179694845681613,0.6157690709909481,0.6183648099528568
471.4714714714715,0.6178543673685706,0.5994389980506859,0.6183076472384271
472.47247247247253,0.6177953482271278,0.6056738197295394,0.6182782849440738
473.4734734734735,0.6177923335189709,0.6287273276585271,0.6182854876102213
474.4744744744745,0.6178451020001874,0.6310048437081976,0.6183359195010143
475.4754754754755,0.6179533053531366,0.6159610170366856,0.6184248239062324
476.47647647647653,0.6181164690449639,0.62272892474941,0.6185728517497243
477.4774774774775,0.6183339934971586,0.6208239947335068,0.6187686427041094
478.4784784784785,0.6186051555632381,0.64323620203088,0.6190020535870654
479.4794794794795,0.6189291103108647,0.6278857096023414,0.6192801146232686
480.48048048048054,0.6193048931039429,0.6182815523720967,0.6195930745221223
481.4814814814815,0.6197314219794978,0.6120870984546944,0.6199457910005366
482.4824824824825,0.6202075003133976,0.607355929751337,0.6203435222009805
483.48348348348355,0.6207318197682592,0.622359528855197,0.6207827329252881
484.48448448448454,0.6213029635161762,0.6152521575539017,0.6212857924872129
485.4854854854855,0.6219194097282184,0.610541380051437,0.621840223994435
486.4864864864865,0.6225795353219868,0.6174069522480466,0.6224351986421274
487.48748748748756,0.623281619957865,0.6146292359289499,0.623078258779399
488.48848848848854,0.6240238502739849,0.6375209833545654,0.6237584397120706
489.48948948948953,0.6248043243493301,0.6318574424049257,0.6244812420321951
490.4904904904905,0.6256210563838321,0.6255572752532992,0.6252525426580811
491.49149149149156,0.6264719815837687,0.6383115346948889,0.6260683828294608
492.49249249249254,0.6273549612402664,0.6279739077014473,0.6269164643673263
493.49349349349353,0.6282677879882247,0.6213775143775986,0.627804271800241
494.4944944944945,0.629208191232531,0.6413931838506883,0.6287371804880941
495.49549549549556,0.6301738427280145,0.6344851230774917,0.6297113097394262
496.49649649649655,0.63116236229921,0.6228643930645983,0.6307341547399887
497.49749749749753,0.6321713236856503,0.6306486142609815,0.6318018204090775
498.4984984984985,0.6331982604980938,0.6261933144710158,0.632910414318141
499.49949949949956,0.634240672270817,0.6231782744231024,0.6340625851259466
500.50050050050055,0.6352960305948668,0.64270545097512,0.6349372597566231
501.50150150150154,0.6363617853169621,0.6516371184407231,0.6357186151122233
502.5025025025025,0.6374353707885723,0.6262468301980192,0.6365573697341887
503.50350350350357,0.638514212149579,0.6430179660431036,0.6373474330197415
504.50450450450455,0.6395957316308396,0.634390591077865,0.6382581378531154
505.50550550550554,0.6406773548599263,0.6367803517898087,0.6392034358980118
506.5065065065065,0.6417565171543086,0.6370173657603977,0.6400935847297236
507.50750750750757,0.6428306697862807,0.6359187436288422,0.6409892532270013
508.50850850850856,0.643897286204004,0.6442854592275626,0.6420501378540834
509.50950950950954,0.6449538681931539,0.6383062672618656,0.6431780683597473
510.5105105105105,0.6459979519638008,0.6481616065700395,0.6443041509116564
511.51151151151157,0.6470271141473519,0.6466252092717588,0.6454783603973234
512.5125125125126,0.6480389776886036,0.6461273933136723,0.6466010667266948
513.5135135135135,0.6490312176182181,0.6417707083218853,0.6477242158492453
514.5145145145145,0.6500015666912404,0.6453873960466938,0.6488993904183541
515.5155155155155,0.650947820877608,0.6569909506842141,0.65009145553103
516.5165165165166,0.6518678446909775,0.6558751821919725,0.6507397830817001
517.5175175175176,0.6527595763425973,0.6449391343842089,0.6511701758766544
518.5185185185186,0.6536210327074004,0.6544156911508342,0.6516419105231896
519.5195195195196,0.6544503140899541,0.6604614110769285,0.6519715328256492
520.5205205205206,0.6552456087784151,0.6418903665294441,0.6524645984947289
521.5215215215215,0.6560051973751627,0.6603520789142022,0.6529649907908609
522.5225225225225,0.6567274568933502,0.6514264668217834,0.6533115542739008
523.5235235235235,0.6574108646091967,0.661975653957942,0.6536134042993668
524.5245245245246,0.6580540016604572,0.6519479284081171,0.6541354802455197
525.5255255255256,0.6586555563821445,0.6442164995768282,0.6547140195476493
526.5265265265266,0.6592143273712365,0.6461939878681713,0.6552355551085316
527.5275275275276,0.6597292262727821,0.6601139058460731,0.6557826148112337
528.5285285285286,0.6601992802805148,0.6622770602942867,0.6561878066299909
529.5295295295296,0.6606236343458052,0.6533891013449699,0.6565385589152846
530.5305305305305,0.6610015530895076,0.6661102927597266,0.6569213967884185
531.5315315315315,0.6613324224120077,0.6480402619138561,0.6572773535914133
532.5325325325326,0.6616157507975295,0.661087112408351,0.6576557682219141
533.5335335335336,0.6618511703095293,0.6521630407114297,0.6580345392924513
534.5345345345346,0.6620384372747796,0.6568237484123624,0.6583847705967849
535.5355355355356,0.6621774326545219,0.6625566220250532,0.6587254033881395
536.5365365365366,0.6622681621018578,0.6553848551795862,0.6590449715032111
537.5375375375376,0.6623107557053288,0.6592343113514902,0.6593480566061026
538.5385385385385,0.6623054674194252,0.6703558098931407,0.6596418870471976
539.5395395395395,0.6622526741835479,0.6576375392273628,0.6599218249695245
540.5405405405406,0.6621528747317281,0.6688384116282493,0.6601428460660693
541.5415415415416,0.6620066880961835,0.6529690332589225,0.6603313080252871
542.5425425425426,0.6618148518085594,0.6660532852318817,0.6605078555946738
543.5435435435436,0.661578219803459,0.6731107687687222,0.6606578373095529
544.5445445445446,0.6612977600296116,0.6415246040285932,0.6608062438988364
545.5455455455456,0.660974551774765,0.6545993897310013,0.6609402695549836
546.5465465465466,0.6606097827110988,0.6652263597285432,0.6610467682883371
547.5475475475477,0.6602047456686622,0.6585803825803183,0.661134648505719
548.5485485485486,0.6597608351450159,0.6627300021319864,0.6607390682395222
549.5495495495496,0.6592795435599234,0.6544476620661968,0.6601261371752514
550.5505505505506,0.6587624572645692,0.6594551755643524,0.6595145589695958
551.5515515515516,0.6582112523154049,0.6569658344322683,0.6587505095687802
552.5525525525526,0.6576276900233051,0.6669699465165836,0.6580778840183478
553.5535535535536,0.6570136122892835,0.6590489790356931,0.6573728522822659
554.5545545545546,0.656370936738552,0.6590717580351536,0.6565060559800219
555.5555555555557,0.6557016516652108,0.652406635936231,0.6555649241484309
556.5565565565566,0.6550078108003319,0.6511069610077519,0.6547824363090609
557.5575575575576,0.6542915279166395,0.6508310624140825,0.654015487274664
558.5585585585586,0.6535549712834015,0.6567105884224278,0.6531634627512138
559.5595595595596,0.6528003579855212,0.6494324821389591,0.6522993192531995
560.5605605605606,0.6520299481211548,0.654348146976326,0.6512779759465256
561.5615615615616,0.6512460388924897,0.6678492452816531,0.650175056847235
562.5625625625626,0.650450958604581,0.6574199562320345,0.6490656943110792
563.5635635635637,0.6496470605873756,0.6470388723300329,0.6478987168094145
564.5645645645646,0.6488367170562467,0.6584464284335583,0.647300974224725
565.5655655655656,0.6480223129265088,0.6447577099423364,0.6469177580953561
566.5665665665666,0.6472062395975104,0.6309012433160877,0.6464503063401165
567.5675675675676,0.6463908887219604,0.6383261982346211,0.6461078184713203
568.5685685685686,0.6455786459761961,0.6306123106079893,0.6455711293289392
569.5695695695696,0.6447718848470885,0.641959776974758,0.6450014481620443
570.5705705705706,0.6439729604512417,0.6441203074847581,0.6445688295404371
571.5715715715717,0.6431842034020604,0.6565957019002626,0.644158506291207
572.5725725725727,0.6424079137401398,0.6450233327302531,0.643442602826053
573.5735735735736,0.6416463549422715,0.6398935507118007,0.6426216372034769
574.5745745745746,0.6409017480241644,0.6475369926736324,0.6418380157150322
575.5755755755756,0.6401762657517386,0.6224871832796754,0.6409886928128331
576.5765765765766,0.6394720269755834,0.6413569434404519,0.6402757866767015
577.5775775775776,0.6387910911028569,0.6449580126539527,0.6395940912885678
578.5785785785787,0.6381354527205613,0.6263067627543225,0.6388387988372164
579.5795795795797,0.6375070363837488,0.6466570687294043,0.6380812619032785
580.5805805805807,0.636907691581795,0.6396156628417504,0.6375690776429686
581.5815815815816,0.6363391878954349,0.6330168845842284,0.6371524453242667
582.5825825825826,0.6358032103567737,0.6408654652856239,0.636722326066595
583.5835835835836,0.6353013550239788,0.653466897886414,0.6363572253199875
584.5845845845846,0.6348351247818136,0.6362900548222815,0.6359083187920235
585.5855855855856,0.634405925378618,0.6363916900690206,0.6354527935523047
586.5865865865867,0.6340150617097344,0.6303401745134125,0.6350680796675947
587.5875875875877,0.6336637343567715,0.6268649794010531,0.6347015200571062
588.5885885885887,0.6333530363914456,0.6399957229237996,0.634255637313441
589.5895895895897,0.6330839504520831,0.6262352798448122,0.6337920083035464
590.5905905905906,0.6328573461001803,0.6334298759979354,0.6333511548753366
591.5915915915916,0.6326739774637121,0.6288527178895912,0.6329032767767798
592.5925925925926,0.6325344811731656,0.6363663197791367,0.6325130710649786
593.5935935935936,0.6324393745955376,0.6351086714378331,0.6321465246337185
594.5945945945947,0.632389054370787,0.6406893739248501,0.6317704008685968
595.5955955955957,0.6323837952544751,0.6283036640636371,0.6314073959242786
596.5965965965967,0.632423749269559,0.630264749787212,0.6316126565344702
597.5975975975977,0.6325089451695245,0.6246788354432661,0.6320648460879714
598.5985985985986,0.6326392882142681,0.6290849421336592,0.6325060383395632
599.5995995995996,0.6328145602593489,0.6358329642037077,0.6331184387753594
600.6006006006006,0.6330344201584465,0.6390903290916092,0.6336024854341326
601.6016016016016,0.6332984044780738,0.6259210818846528,0.634110983854991
602.6026026026027,0.6336059285228136,0.6405627758836588,0.6348021584254333
603.6036036036037,0.6339562876685609,0.6448013905390005,0.63556892830886
604.6046046046047,0.6343486590004889,0.6376561382262784,0.6361447136248342
605.6056056056057,0.6347821032516848,0.6497964697521493,0.6366940039770593
606.6066066066066,0.6352555670376491,0.6290652534448204,0.6373312344897892
607.6076076076076,0.6357678853811106,0.6258106477546193,0.6379732441600232
608.6086086086086,0.6363177845208786,0.6220880225296443,0.6387877878926189
609.6096096096097,0.6369038849977404,0.6488722394896539,0.6396872959027583
610.6106106106107,0.6375247050097183,0.6427596302605507,0.6405850110098179
611.6116116116117,0.6381786640283231,0.6377339866610395,0.6415400481668957
612.6126126126127,0.6388640866667841,0.6411038356773426,0.642139876656528
613.6136136136137,0.6395792067906043,0.6305752944122173,0.6426152368647752
614.6146146146147,0.6403221718601805,0.6598881876971151,0.6431652360526123
615.6156156156156,0.6410910474946446,0.6421248169504464,0.6436510535842136
616.6166166166166,0.6418838222455265,0.6427589806023657,0.6442764096197579
617.6176176176177,0.6426984125683101,0.6485045455594995,0.6449389660023559
618.6186186186187,0.6435326679794597,0.6473807418333535,0.6455296603105409
619.6196196196197,0.6443843763860251,0.6461754485802581,0.6461219857341024
620.6206206206207,0.6452512695744986,0.6389274739309362,0.6469406160580204
621.6216216216217,0.6461310288451999,0.6499027757022878,0.6478486934223664
622.6226226226227,0.6470212907780936,0.6620774867498939,0.6487481308006048
623.6236236236236,0.6479196531156183,0.6586830134848581,0.64970977125922
624.6246246246246,0.6488236807478074,0.6615691737609226,0.6505963951694335
625.6256256256257,0.6497309117847221,0.6456411863732726,0.6514793340549504
626.6266266266267,0.6506388637010032,0.6427220251389346,0.6524298294095308
627.6276276276277,0.6515450395371577,0.6505387441763605,0.6533993995449923
628.6286286286287,0.6524469341420566,0.6528927334403661,0.6539830574048401
629.6296296296297,0.6533420404410162,0.6620955725887838,0.6544186028670503
630.6306306306307,0.6542278557137624,0.6406881386760439,0.6548910698504091
631.6316316316316,0.655101887866561,0.6673382904222459,0.655268975367461
632.6326326326326,0.6559616616827987,0.6546975984941668,0.655778788772617
633.6336336336337,0.6568047250363609,0.6533896764767815,0.656304325454873
634.6346346346347,0.6576286550522358,0.6495318200501544,0.656726581084449
635.6356356356357,0.6584310641989102,0.645192210823984,0.6571262266978563
636.6366366366367,0.6592096062972888,0.6657949709689841,0.6576865688387409
637.6376376376377,0.6599619824310738,0.6605485261685811,0.6582937551833064
638.6386386386387,0.660685946743792,0.6503662595458636,0.6588697869621057
639.6396396396397,0.6613793121079313,0.6510186819314224,0.6594715304396843
640.6406406406406,0.6620399556519744,0.6593536780576533,0.6599818836981778
641.6416416416417,0.6626658241314639,0.676017996333779,0.6604621005763751
642.6426426426427,0.6632549391306277,0.6611782083197189,0.6609726262177429
643.6436436436437,0.6638054020815127,0.6517802584565678,0.6614722485873082
644.6446446446447,0.6643153990880304,0.6623494545753429,0.6619311880824083
645.6456456456457,0.6647832055428061,0.6626014169848248,0.6623709170853261
646.6466466466467,0.6652071905252369,0.6436320973817043,0.6628013543060388
647.6476476476477,0.6655858209697157,0.6651514620375732,0.6632145277202226
648.6486486486488,0.6659176655935447,0.6640701893518752,0.6636364473105032
649.6496496496497,0.666201398574667,0.6717710494931743,0.664053014423208
650.6506506506507,0.6664358029699704,0.6812274517295331,0.6644512596337602
651.6516516516517,0.6666197738655588,0.6756322941019409,0.6648401268105835
652.6526526526527,0.6667523212510641,0.6646012117266255,0.6652199260846895
653.6536536536537,0.6668325726107541,0.6579803653408207,0.6655895322239176
654.6546546546547,0.666859775224906,0.687446653650905,0.6659496758814085
655.6556556556557,0.66683329817563,0.6673070456477459,0.6663000564450999
656.6566566566568,0.6667526340520762,0.6668640683873798,0.666638286716996
657.6576576576578,0.6666174003507008,0.6664243996538208,0.6669657699805615
658.6586586586587,0.6664273405670339,0.6680120186531767,0.667283595465922
659.6596596596597,0.6661823249761609,0.6650274416807694,0.6675909888144961
660.6606606606607,0.6658823510999069,0.661293055044865,0.6671858339820809
661.6616616616617,0.6655275438594987,0.6611526723295756,0.6664715805675452
662.6626626626627,0.6651181554132605,0.6648561292515325,0.6657771736701201
663.6636636636637,0.6646545646796918,0.6603071665106216,0.664870912379693
664.6646646646648,0.6641372765470598,0.6584345102856425,0.6641247224665072
665.6656656656658,0.6635669207714217,0.6644183625929568,0.6633494662254711
666.6666666666667,0.6629442505657698,0.660904432826403,0.6623481609184744
667.6676676676677,0.6622701408837715,0.6743020847924329,0.6612540013533457
668.6686686686687,0.6615455864023276,0.6403378279351836,0.6604139115961606
669.6696696696697,0.6607716992079378,0.6695037540233174,0.6596144788938644
670.6706706706707,0.6599497061925925,0.6699183877325735,0.658706175432478
671.6716716716717,0.6590809461656425,0.6424938243063774,0.6577975035058745
672.6726726726728,0.6581668666888055,0.6554253659361627,0.6566716795810996
673.6736736736738,0.6572090206421606,0.6542374937141943,0.6554417571503489
674.6746746746747,0.6562090625296536,0.644948968971911,0.654219950852139
675.6756756756757,0.6551687445332893,0.6489462110325623,0.652929821898657
676.6766766766767,0.6540899123258141,0.6452053055620875,0.6520094591195884
677.6776776776777,0.6529745006522919,0.6669926641996808,0.6512152733337706
678.6786786786787,0.6518245286915628,0.6593099558367425,0.6503344836686318
679.6796796796798,0.6506420952091139,0.6608145359690671,0.6495151268390061
680.6806806806808,0.6494293735134208,0.6552027500257667,0.6485442568584153
681.6816816816818,0.6481886062283047,0.6391561920585668,0.6475285362611242
682.6826826826828,0.6469220998943114,0.6427259377640732,0.6465822534594894
683.6836836836837,0.6456322194125476,0.6495472159023709,0.6456284550117397
684.6846846846847,0.6443213823447983,0.6345443598736628,0.6444237688843588
685.6856856856857,0.642992053084113,0.6486960405254921,0.6431161615366687
686.6866866866867,0.6416467369103716,0.6397241337251065,0.6418121433381657
687.6876876876878,0.6402879739456211,0.6372894074852243,0.6404348557054729
688.6886886886888,0.638918333024238,0.6446060127698658,0.6391322780470501
689.6896896896898,0.6375404054931674,0.6410945119850557,0.6378275342957046
690.6906906906908,0.6361567989576773,0.6332690696311246,0.6364437516067716
691.6916916916917,0.6347701309881961,0.6440447694151101,0.6350332340035422
692.6926926926927,0.6333830228038989,0.6247345161830997,0.6337455977520824
693.6936936936937,0.6319980929487649,0.636925577804319,0.6324893494524942
694.6946946946947,0.6306179509758512,0.6353627610395982,0.6311994997130338
695.6956956956958,0.6292451911554987,0.6267688196409867,0.6299230733014186
696.6966966966968,0.6278823862231345,0.6304914504010715,0.6285678561455423
697.6976976976978,0.6265320811822279,0.6165231725711455,0.6271818460586034
698.6986986986988,0.6251967871778228,0.632589003331478,0.6258128615070165
699.6996996996997,0.6238789754558922,0.6223997583643484,0.6244283481894362
700.7007007007007,0.6225810714235426,0.6183992872593903,0.6229726169297324
701.7017017017017,0.6213054488248427,0.6296975226315379,0.6214811084691622
702.7027027027027,0.6200544240467678,0.6144196745224257,0.6199767310492794
703.7037037037038,0.6188302505694138,0.6075625601985053,0.6184425710226398
704.7047047047048,0.6176351135742847,0.6051820801860934,0.6169162042392181
705.7057057057058,0.6164711247240521,0.6213192043348172,0.6153778342459585
706.7067067067068,0.6153403171267617,0.6050968823067915,0.6138081959338431
707.7077077077078,0.6142446404969969,0.6282829939528718,0.6122204533960298
708.7087087087087,0.613185956526017,0.5965305212629473,0.6112734834253201
709.7097097097097,0.6121660344723634,0.6257376854186837,0.6105873655501383
710.7107107107108,0.6111865469838763,0.6128746867214973,0.6098546306424565
711.7117117117118,0.6102490661614844,0.6094753612665214,0.6092921501221006
712.7127127127128,0.6093550598745228,0.6049957071800511,0.6085478116444221
713.7137137137138,0.6085058883367075,0.6116989772515241,0.6078009403330253
714.7147147147148,0.6077028009512415,0.6074017233318427,0.6072377816534731
715.7157157157158,0.6069469334328508,0.6157733484889829,0.6067323484391701
716.7167167167167,0.606239305213859,0.6071531264031553,0.6059634322289782
717.7177177177177,0.6055808171406968,0.6067832312323918,0.6051289088770918
718.7187187187188,0.6049722494665134,0.6020633517688025,0.604366961456338
719.7197197197198,0.6044142601448209,0.6039586951550524,0.6035772504511104
720.7207207207208,0.6039073834283425,0.606369797579479,0.6029611528814464
721.7217217217218,0.6034520287764769,0.5897706816352238,0.6024136019874269
722.7227227227228,0.603048480074016,0.5922629966971703,0.6018304023107118
723.7237237237238,0.6026968951629753,0.608643007915157,0.6012825398875533
724.7247247247248,0.6023973056886113,0.6037642291936348,0.6009903572226023
725.7257257257257,0.6021496172599154,0.600677750569094,0.6008197502694503
726.7267267267268,0.6019536099240869,0.60210108138861,0.6006744161404473
727.7277277277278,0.6018089389536994,0.6045895925965927,0.600623881309654
728.7287287287288,0.6017151359444968,0.5973970585020218,0.6005338424855428
729.7297297297298,0.6016716102209738,0.5954451724177553,0.6004740951612384
730.7307307307308,0.601677650546129,0.6032444125869104,0.6005143852456438
731.7317317317318,0.6017324271310138,0.5939054449100936,0.6006072529175864
732.7327327327328,0.6018349939389553,0.6051010159846711,0.6006685699226816
733.7337337337337,0.6019842912785914,0.5883636224446888,0.6007516936678733
734.7347347347348,0.6021791486791314,0.6104123937777365,0.600891399442451
735.7357357357358,0.6024182880405557,0.6061990678998601,0.6010620587620029
736.7367367367368,0.6027003270507776,0.6047485649252886,0.601320009233515
737.7377377377378,0.6030237828611168,0.6108853107326809,0.6016355985318513
738.7387387387388,0.603387076010802,0.6167108715665026,0.6019799159856891
739.7397397397398,0.6037885345905827,0.6119034951107277,0.6023727107228924
740.7407407407408,0.604226398634942,0.5894994047842889,0.6028097410602967
741.7417417417419,0.6046988247318286,0.594462208997943,0.6032913526328763
742.7427427427428,0.6052038908382795,0.6002053422167141,0.603821467428522
743.7437437437438,0.6057396012897968,0.6059483296914834,0.6043977956552944
744.7447447447448,0.6063038919908497,0.6104451641546027,0.6050176744109232
745.7457457457458,0.6068946357734296,0.6010886852682019,0.6056828760048423
746.7467467467468,0.6075096479101592,0.6090037820259758,0.6063944240406632
747.7477477477478,0.6081466917680741,0.6021036283092476,0.6071515427864721
748.7487487487488,0.6088034845888447,0.6039113421649092,0.6079632379194423
749.7497497497499,0.6094777033808915,0.5982244146061056,0.6088244177950194
750.7507507507509,0.610166990908563,0.6027811249396757,0.6097307862556707
751.7517517517518,0.6108689617633125,0.6000554849183819,0.6106853506070277
752.7527527527528,0.6115812085015996,0.6037742224777809,0.6116835356277304
753.7537537537538,0.612301307834075,0.6207304422069377,0.6127276513532106
754.7547547547548,0.6130268268504917,0.6054316357398362,0.6138201363361903
755.7557557557558,0.6137553292646817,0.6348143857833808,0.6149593450130981
756.7567567567568,0.614484381663902,0.6184309248709491,0.6156834169498182
757.7577577577579,0.6152115597468385,0.6166902487363974,0.6162578664864501
758.7587587587589,0.6159344545345853,0.6090675922931356,0.6168989664112761
759.7597597597598,0.6166506785389905,0.6222531575742624,0.6174543522518999
760.7607607607608,0.6173578718728646,0.6127527692629624,0.6181689636807577
761.7617617617618,0.6180537082866971,0.61902978680386,0.618918215966562
762.7627627627628,0.6187359011167097,0.6392165774228601,0.6195724041577296
763.7637637637638,0.6194022091293039,0.6186337299315067,0.6202192363113535
764.7647647647648,0.6200504422472143,0.6292446288574997,0.6210865258461162
765.7657657657659,0.6206784671429858,0.6150530557419787,0.6220341059698204
766.7667667667669,0.6212842126857181,0.6210043047617424,0.6229638106210863
767.7677677677679,0.6218656752273977,0.6360320803124817,0.6239468786530523
768.7687687687688,0.6224209237155369,0.6174051872532348,0.6248408950592751
769.7697697697698,0.6229481046192772,0.6374476930832527,0.6257201342126282
770.7707707707708,0.6234454466565845,0.6291074621402283,0.6266583109944586
771.7717717717718,0.6239112653106614,0.6194115311035073,0.627605211132007
772.7727727727729,0.6243439671242356,0.6294032290366798,0.627880230481878
773.7737737737739,0.6247420537609358,0.6325224893579496,0.6278796951604732
774.7747747747749,0.6251041258235596,0.6300786055212971,0.6279176272355347
775.7757757757759,0.6254288864196389,0.6128670886605152,0.6277716534210961
776.7767767767768,0.6257151444653537,0.6198980470587547,0.6278145983730603
777.7777777777778,0.6259618177194932,0.6239816686350812,0.6278558202773363
778.7787787787788,0.6261679355398487,0.6255724681070484,0.6276988287366625
779.7797797797798,0.6263326413551131,0.6312980181355186,0.6274766949769222
780.7807807807809,0.6264551948460834,0.6278768028535494,0.6275084115702256
781.7817817817819,0.6265349738306853,0.6158522189610045,0.6275966255698033
782.7827827827829,0.6265714758480904,0.629613058656138,0.6276048861283248
783.7837837837839,0.6265643194379442,0.6314490054002148,0.6276324822227103
784.7847847847848,0.6265132451114964,0.6309915686949448,0.6274774492847903
785.7857857857858,0.6264181160121918,0.6350643618166287,0.6272453028634369
786.7867867867868,0.6262789182640666,0.6329502955004578,0.6270404108575154
787.7877877877878,0.6260957610070707,0.6297692016408981,0.6267916406412145
788.7887887887889,0.6258688761192325,0.6253075504275633,0.6264479312543989
789.7897897897899,0.6255986176263594,0.6123109301582315,0.6260461495518814
790.7907907907909,0.6252854608007593,0.62872240655382,0.625603256474645
791.7917917917919,0.624930000951244,0.6265915024485489,0.6251056041054772
792.7927927927929,0.624532951907454,0.626705582605017,0.6245979065479836
793.7937937937938,0.6240951442023113,0.6138811555957487,0.6240559205964442
794.7947947947948,0.623617522957162,0.6149690706338959,0.6234573559147155
795.7957957957958,0.6231011454749215,0.6315263683015847,0.6228175854613375
796.7967967967969,0.6225471785472635,0.6222307373164102,0.6221369768400187
797.7977977977979,0.6219568954826195,0.6274089010616004,0.6214136910277528
798.7987987987989,0.621331672862446,0.6215582198714896,0.6206490614262481
799.7997997997999,0.6206729870339105,0.6209110361498764,0.6198425167256276
800.8008008008009,0.6199824103478011,0.627488680795609,0.6189900413476911
801.8018018018018,0.6192616071511091,0.6151332493253702,0.6180940027488534
802.8028028028028,0.6185123295443484,0.6192812957598763,0.6171562267271041
803.8038038038039,0.6177364129142668,0.6140382106046265,0.6161754136678796
804.8048048048049,0.6169357712531718,0.6134598014337133,0.6156226288832145
805.8058058058059,0.616112392276622,0.6136390152888729,0.6152273816684795
806.8068068068069,0.6152683323517537,0.6170454025248234,0.6147687972487871
807.8078078078079,0.6144057112489768,0.610575722275669,0.6144024108948751
808.8088088088089,0.6135267067302262,0.6235727557348144,0.6138791414629214
809.8098098098098,0.612633548987365,0.605476690569609,0.6133256172169417
810.8108108108108,0.6117285149447057,0.6102335417914149,0.6128737944131004
811.8118118118119,0.610813922439972,0.6072960739737786,0.6124344552251224
812.8128128128129,0.6098921242983132,0.621467947373143,0.6117742042285277
813.8138138138139,0.6089655023142672,0.6105379405263598,0.6110365749618117
814.8148148148149,0.6080364611567921,0.6162912174725412,0.6103222014181736
815.8158158158159,0.6071074222126828,0.595222939228387,0.6095580704080296
816.8168168168169,0.6061808173838455,0.6083172195107996,0.6088899275679934
817.8178178178179,0.6052590828540233,0.6123761292190107,0.6082417729524361
818.8188188188188,0.6043446528406349,0.6050029247548383,0.6075381571193813
819.8198198198199,0.6034399533474405,0.6119637963479633,0.6068304735713482
820.8208208208209,0.6025473959337371,0.598409088332934,0.6059488377518258
821.8218218218219,0.6016693715157512,0.6129441510372358,0.6049854067785759
822.8228228228229,0.6008082442158196,0.6191994292047736,0.6040248244275573
823.8238238238239,0.5999663452748232,0.5970636367913059,0.603008704152452
824.8248248248249,0.599145967043192,0.5955819468719858,0.6020142169751257
825.8258258258259,0.5983493570655954,0.609976432882537,0.6010032104483488
826.8268268268268,0.5975787122742039,0.6102152894400495,0.5999338026788743
827.827827827828,0.5968361733051359,0.5926532930879098,0.5988340948703097
828.8288288288289,0.5961238189523982,0.5927623244156314,0.5978060718466066
829.8298298298299,0.5954436607732805,0.5931893839023964,0.5967881674251757
830.8308308308309,0.5947976378587949,0.5840420337705207,0.5957353424590461
831.8318318318319,0.5941876117823313,0.5868383962104576,0.5946799912696473
832.8328328328329,0.5936153617392583,0.5855822356052418,0.5935611337287419
833.8338338338339,0.5930825798897235,0.5869401993688904,0.5924103728721628
834.834834834835,0.5925908669163946,0.5923133878173004,0.5912594575814718
835.835835835836,0.5921417278083531,0.5940154456686452,0.5900868016095759
836.8368368368369,0.5917365678817784,0.604140571824291,0.5898116469428327
837.8378378378379,0.5913766890474749,0.5833898567215645,0.5899081722817514
838.8388388388389,0.591063286334676,0.5989378655224886,0.5899434943617771
839.8398398398399,0.5907974446799154,0.5890855339261113,0.5902219847238604
840.8408408408409,0.5905801359890972,0.5901844263118777,0.5902623186297835
841.8418418418419,0.5904122164802108,0.5958107724175437,0.5903087887423061
842.842842842843,0.5902944243134333,0.5813126481409349,0.5906167611568127
843.843843843844,0.5902273775146494,0.5932866554841217,0.5910136593393367
844.8448448448449,0.5902115721976754,0.5915431898633798,0.5910373692346809
845.8458458458459,0.5902473810897362,0.5941869912018014,0.5909716506702611
846.8468468468469,0.5903350523639785,0.5926484015152411,0.591016153881162
847.8478478478479,0.5904747087820396,0.6101171099013267,0.591026132093544
848.8488488488489,0.5906663471489121,0.5855644272749015,0.591289144180811
849.8498498498499,0.5909098380815676,0.586661862441553,0.5916553139295762
850.850850850851,0.5912049260920113,0.5862198018806132,0.591975710558607
851.851851851852,0.591551229984659,0.587107413031377,0.5923517655174874
852.852852852853,0.5919482435671383,0.5868491465486861,0.5927629348333361
853.8538538538539,0.5923953366728285,0.6019074689216889,0.5932102805578335
854.8548548548549,0.592891756492681,0.6042557904765998,0.5937133643185315
855.8558558558559,0.5934366292130797,0.5888706588630839,0.5942608354464514
856.8568568568569,0.5940289619557412,0.5873701173709074,0.5948383600842536
857.8578578578579,0.5946676450148934,0.5984389694659846,0.5954553749882393
858.858858858859,0.5953514543862334,0.5909336700319856,0.5961174854824289
859.85985985986,0.5960790545814255,0.6011425091234696,0.5968204720400729
860.860860860861,0.5968490017211979,0.5984723858880083,0.5976099739681076
861.8618618618619,0.5976597468993868,0.585533793979409,0.5984602181621517
862.8628628628629,0.598509639809605,0.6108896814202456,0.5993494041634024
863.8638638638639,0.599396932625557,0.6137639540103212,0.6002927854945993
864.8648648648649,0.6003197841253779,0.5954174746015028,0.6012672473211483
865.865865865866,0.6012762640497722,0.5981746515702843,0.602284453992555
866.866866866867,0.6022643576831381,0.6045512808089374,0.6033567313964431
867.867867867868,0.6032819706463058,0.6059576249662021,0.604475763145198
868.868868868869,0.6043269338889861,0.6095952880703687,0.6056359859837117
869.86986986987,0.6053970088695284,0.6214786451796592,0.6068414766348371
870.8708708708709,0.606489892909119,0.6050743150891666,0.6080940275864698
871.8718718718719,0.6076032247071059,0.6012168467507983,0.6093921773675551
872.8728728728729,0.6087345900037434,0.5977000361796272,0.6107409384669443
873.873873873874,0.6098815273762711,0.6040340870567358,0.6121375859502993
874.874874874875,0.6110415341539132,0.6107765183709227,0.6135796277583963
875.875875875876,0.6122120724370851,0.6265685353452274,0.6150687841278439
876.876876876877,0.613390575205828,0.6092496848135386,0.61660489703445
877.877877877878,0.614574452502278,0.6163647561153892,0.618187875108692
878.8788788788789,0.6157610976717789,0.6156297145031969,0.619817960887056
879.8798798798799,0.6169478936471106,0.6264550398346952,0.6214950247067281
880.8808808808809,0.6181322192601899,0.6383476786671789,0.6232187226680543
881.881881881882,0.6193114555655345,0.6150645053821719,0.6249892660722536
882.882882882883,0.6204829921597482,0.6165674766196024,0.6268068033757926
883.883883883884,0.6216442334812999,0.6299975204978525,0.6286712269154586
884.884884884885,0.622792605074909,0.6282477369919195,0.6296238728919707
885.885885885886,0.6239255598049467,0.638699218410835,0.6302155077005728
886.8868868868869,0.6250405840023848,0.6297120094849925,0.6308953634376803
887.8878878878879,0.6261352035299891,0.6232608668036926,0.63134703469166
888.8888888888889,0.6272069897506608,0.6319322283961992,0.6320781099903774
889.88988988989,0.6282535653840686,0.6371231940287319,0.6328304823111214
890.890890890891,0.6292726102369949,0.6358364676865738,0.6333352993692627
891.891891891892,0.6302618667931347,0.6343200590419931,0.6337743483462209
892.892892892893,0.6312191456484344,0.6397525431651476,0.63462164885079
893.893893893894,0.6321423307784471,0.6414966955020125,0.6355856259720836
894.894894894895,0.6330293846245972,0.6440866565528974,0.636461952487496
895.8958958958959,0.6338783529867051,0.6390680320874222,0.637398889647743
896.896896896897,0.6346873697095973,0.6333504250670624,0.638100285910594
897.897897897898,0.6354546611521517,0.6366283706436182,0.638720581855441
898.898898898899,0.6361785504276682,0.6458306221597351,0.6394130791193087
899.8998998999,0.6368574614050222,0.6303219760371243,0.6400733518658452
900.900900900901,0.6374899224606605,0.6404393089316437,0.6405657567289178
901.901901901902,0.6380745699721244,0.6349278594735055,0.6409792787874535
902.902902902903,0.6386101515444236,0.6388401101279021,0.6413672546062282
903.9039039039039,0.6390955289612571,0.6493231438621155,0.6416896196033864
904.904904904905,0.6395296808537662,0.6410584733979254,0.6420441448252702
905.905905905906,0.6399117050802056,0.6402831974654547,0.6423789029516233
906.906906906907,0.6402408208106474,0.629361971682808,0.6426441531416716
907.907907907908,0.6405163703115637,0.6464863988397815,0.642873970199351
908.908908908909,0.6407378204258893,0.645901693875018,0.6430989017086466
909.90990990991,0.6409047637449233,0.658210801531367,0.6432977898371437
910.910910910911,0.6410169194692009,0.638554693589577,0.6434596569504569
911.911911911912,0.6410741339562438,0.6428273365775553,0.6435930501203976
912.912912912913,0.6410763809538769,0.643071450423563,0.6436733267188559
913.913913913914,0.6410237615185914,0.6536433877566992,0.6437137389591217
914.914914914915,0.6409165036192159,0.6401541393601203,0.6437266718267884
915.915915915916,0.6407549614269445,0.6429871336331072,0.6437036068443203
916.916916916917,0.6405396142935589,0.6454027863712912,0.6432967351080064
917.917917917918,0.6402710654204528,0.6417639384057037,0.6427067758082659
918.918918918919,0.6399500402218503,0.6363785713054461,0.6420958825149765
919.91991991992,0.6395773843863621,0.6411301043295486,0.641349643516688
920.920920920921,0.6391540616417879,0.6477431156406661,0.6406543224977874
921.921921921922,0.6386811512288062,0.6304690288335177,0.6399150254479958
922.922922922923,0.6381598450899265,0.6392236024831015,0.6390332609538303
923.923923923924,0.6375914447807867,0.6319904782612733,0.6380756608754925
924.924924924925,0.6369773581115715,0.6465377311429703,0.637211236264924
925.925925925926,0.6363190955270048,0.6241336002887347,0.6363358341979483
926.926926926927,0.6356182662340188,0.6311468914558461,0.635376779931411
927.927927927928,0.6348765740868351,0.6378942690873513,0.634386853998279
928.928928928929,0.6340958132397945,0.6466200054736692,0.6332600126269918
929.92992992993,0.633277863578861,0.6327518614902771,0.6320515893565564
930.930930930931,0.6324246859432636,0.6279830897297181,0.6308164471689186
931.931931931932,0.6315383171492788,0.6465875737048035,0.6295172078933944
932.932932932933,0.6306208648286385,0.6190367536253086,0.6286494389734566
933.933933933934,0.6296745020945161,0.6120840544415554,0.6279323934998148
934.934934934935,0.6287014620484719,0.6322215776488985,0.6271301810487077
935.9359359359361,0.6277040321421347,0.6236875983473138,0.6264080494460977
936.9369369369371,0.6266845484077604,0.6185146858707148,0.6255129122970496
937.937937937938,0.6256453895721318,0.6313122411505266,0.6245726704365434
938.938938938939,0.6245889710685554,0.626539376778725,0.6237221083065912
939.93993993994,0.6235177389619662,0.6190051099160724,0.6228702485285524
940.940940940941,0.6224341638023639,0.6121917286129968,0.6217589592759073
941.941941941942,0.621340734421981,0.6283203930482222,0.6205461715362778
942.942942942943,0.6202399516917283,0.6254415611153976,0.6193439387758222
943.9439439439441,0.619134322252553,0.6183409153423179,0.6180711627487322
944.9449449449451,0.6180263522374176,0.6327994482057989,0.6168871230449817
945.945945945946,0.6169185409996171,0.6083578628690078,0.6157089005473495
946.946946946947,0.6158133748631427,0.6036091734957448,0.6144539117523531
947.947947947948,0.614713320910741,0.6091780563516911,0.6131783813675756
948.948948948949,0.6136208208252193,0.6132561326943753,0.6124204900926328
949.94994994995,0.6125382847994103,0.6144850003939918,0.6118650980306491
950.950950950951,0.6114680855300458,0.6095381970671951,0.6112655133159186
951.9519519519521,0.6104125523105612,0.6132289954826756,0.6107968310860763
952.9529529529531,0.6093739652376183,0.5993616498440948,0.6101601384698573
953.953953953954,0.6083545495458345,0.6199046663784206,0.6095086210130736
954.954954954955,0.6073564700848924,0.6066992606577518,0.6089995025258359
955.955955955956,0.6063818259528402,0.6153201926055452,0.6085262367673226
956.956956956957,0.6054326452990025,0.6081744480700242,0.6078423616926489
957.957957957958,0.6045108803094916,0.6081649060627219,0.6071007525455105
958.958958958959,0.6036184023878545,0.608176540629712,0.6064064693237639
959.9599599599601,0.602756997542895,0.6063386660230335,0.6056829668982063
960.9609609609611,0.6019283619951953,0.6070701440741356,0.605087215970137
961.9619619619621,0.601134098013305,0.6117673182543645,0.6045371417583657
962.962962962963,0.6003757099899937,0.6019478793476054,0.6039516886789735
963.963963963964,0.5996546007683597,0.6053266308290678,0.603386114239291
964.964964964965,0.5989720682269563,0.5982541826726584,0.6025188398685252
965.965965965966,0.5983293021324483,0.609850239856044,0.6015287621564965
966.9669669669671,0.5977273812676435,0.5923162428511694,0.6005719891674888
967.9679679679681,0.5971672708420439,0.6115747943053305,0.5995398931321967
968.9689689689691,0.5966498201913611,0.5963285565862064,0.5985889986293366
969.9699699699701,0.596175760771707,0.5847295599547626,0.5976408843885221
970.970970970971,0.5957457044534371,0.5967705397727234,0.5966115616314396
971.971971971972,0.5953601421188696,0.5899117288590705,0.5955575861255432
972.972972972973,0.5950194425673361,0.6017445909592458,0.5946573066865114
973.973973973974,0.5947238517302578,0.5895028598958386,0.5938022727707812
974.9749749749751,0.5944734921981532,0.5909040247324349,0.5929144469570535
975.9759759759761,0.5942683630607057,0.5791520372131415,0.5920501457240939
976.9769769769771,0.5941083400602349,0.5904898895062424,0.5911008858629936
977.9779779779781,0.5939931760581231,0.5746021414450915,0.5901230279569901
978.9789789789791,0.5939225018129684,0.5812512792250826,0.589172924460209
979.97997997998,0.5938958270684531,0.5999791443176075,0.5882122327429756
980.980980980981,0.5939125419481349,0.6001989432173416,0.5883848299039018
981.981981981982,0.5939719186536021,0.5973755791478819,0.5890376154760245
982.9829829829831,0.594073113461671,0.5863373043166373,0.5896307980237289
983.9839839839841,0.5942151690155547,0.5938334781664188,0.590543645644103
984.9849849849851,0.5943970169041919,0.5943681965914673,0.5911800659920121
985.9859859859861,0.5946174805232036,0.5853505630096633,0.5918423552838136
986.9869869869871,0.594875278210241,0.6069024646243782,0.5928469968006205
987.987987987988,0.5951690266467909,0.6021879249713963,0.5939801600541748
988.988988988989,0.5954972445178475,0.5937295311272102,0.5946627880680508
989.98998998999,0.5958583564202041,0.5960734431321604,0.5952501930575061
990.9909909909911,0.5962506970094972,0.5979177594730776,0.5959927857554218
991.9919919919921,0.5966725153755357,0.5803386364281413,0.5967090807012295
992.9929929929931,0.5971219796348773,0.5951445605747125,0.5977588055362304
993.9939939939941,0.5975971817290638,0.5921413077450814,0.5989545131292042
994.9949949949951,0.5980961424164164,0.5900831823372571,0.6001098551736815
995.995995995996,0.5986168164448027,0.596368014101715,0.6013517379533168
996.996996996997,0.5991570978923337,0.61353859010713,0.6015971075599676
997.9979979979981,0.5997148256625291,0.6048415685526651,0.6014547434160896
998.9989989989991,0.6002877891200961,0.5957183572018336,0.6014446085431462
1000.0,0.6008737338531223,0.6054543961039716,0.6012035194523226
